# (reference)	Gallery URL 1	Gallery URL 2	Gallery URL 3	Gallery URL 4	Gallery URL 5	Gallery URL 6	Gallery URL 7	Gallery URL 8
Drama Event (7/12/2026) [row 2]	https://drive.google.com/file/d/163QhA-kOZ12ngRcnUPN7Q4aFb8YKhhGR/view?usp=sharing	https://drive.google.com/file/d/1vMT4WpGp6ZAViSrIejdKMhe-gBLuLg_w/view?usp=sharing	https://drive.google.com/file/d/1zGsiCr6vUbrN3xq19xzgY6N4qvKgQ1LW/view?usp=sharing					
Music Event (7/12/2026) [row 3]	https://drive.google.com/file/d/163QhA-kOZ12ngRcnUPN7Q4aFb8YKhhGR/view?usp=sharing							
Standup Comedy Event (7/12/2026) [row 4]	https://drive.google.com/file/d/163QhA-kOZ12ngRcnUPN7Q4aFb8YKhhGR/view?usp=sharing							
Food Tasting Event (7/12/2026) [row 5]	https://drive.google.com/file/d/163QhA-kOZ12ngRcnUPN7Q4aFb8YKhhGR/view?usp=sharing							
Tasting Event (7/12/2026) [row 6]	https://drive.google.com/file/d/163QhA-kOZ12ngRcnUPN7Q4aFb8YKhhGR/view?usp=sharing							
Friday Party Night (7/12/2026) [row 7]	https://drive.google.com/file/d/163QhA-kOZ12ngRcnUPN7Q4aFb8YKhhGR/view?usp=sharing	https://drive.google.com/file/d/1GfyIeyQPf8JugnM04Hf7VaFme0g_DSZe/view?usp=sharing						
Drama Event (7/12/2026) [row 8]	https://drive.google.com/file/d/163QhA-kOZ12ngRcnUPN7Q4aFb8YKhhGR/view?usp=sharing	https://drive.google.com/file/d/1vMT4WpGp6ZAViSrIejdKMhe-gBLuLg_w/view?usp=sharing	https://drive.google.com/file/d/1zGsiCr6vUbrN3xq19xzgY6N4qvKgQ1LW/view?usp=sharing					
Music Event (7/12/2026) [row 9]	https://drive.google.com/file/d/163QhA-kOZ12ngRcnUPN7Q4aFb8YKhhGR/view?usp=sharing							
Standup Comedy Event (7/12/2026) [row 10]	https://drive.google.com/file/d/163QhA-kOZ12ngRcnUPN7Q4aFb8YKhhGR/view?usp=sharing							
Food Tasting Event (7/12/2026) [row 11]	https://drive.google.com/file/d/163QhA-kOZ12ngRcnUPN7Q4aFb8YKhhGR/view?usp=sharing							
Eating Event (7/12/2026) [row 12]	https://drive.google.com/file/d/163QhA-kOZ12ngRcnUPN7Q4aFb8YKhhGR/view?usp=sharing							
Open Mic (7/12/2026) [row 13]	https://drive.google.com/file/d/163QhA-kOZ12ngRcnUPN7Q4aFb8YKhhGR/view?usp=sharing							
Roasting Session (10/12/2026) [row 14]	https://drive.google.com/file/d/163QhA-kOZ12ngRcnUPN7Q4aFb8YKhhGR/view?usp=sharing							
Tasting Session (10/12/2026) [row 15]	https://drive.google.com/file/d/163QhA-kOZ12ngRcnUPN7Q4aFb8YKhhGR/view?usp=sharing	https://drive.google.com/file/d/1zGsiCr6vUbrN3xq19xzgY6N4qvKgQ1LW/view?usp=sharing						
